Clanky Love,Royce Wood Junior,236
Strange Days,Slow Runner,185
Forrest Gump,Frank Ocean,195
Pusher Love Girl,Justin Timberlake,482
American Privilege,Allen Stone,213
Mystery,Boxed In,237
All Ashore,Punch Brothers,425
erase me,Lizzy McAlpine,214
Supalonely,BENEE,223
Circles,Mac Miller,170
Wherever I Go,Jacob Collier,165
Arrow Through Me,Scary Pockets,166
With The Love In My Heart,Jacob Collier,408
Moonshiner,Punch Brothers,265
Time Alone With You,Jacob Collier,256
Kool,BENEE,169
EP One,Ben Jones,258
J Plinksy,Ben Jones,103
It Don't Matter,Jacob Collier,261
Birds of a Feather,Vulfpeck,285
Wait for the Moment,Vulfpeck,231
Deeply Woven,Exivious,414
Typewriter II,Panzerballett,373
Mind Your Head,Panzerballett,214
Take Five,Panzerballett,427